{"columns":["peru_price","rapeseed_oil","fish_meal","peanut_oil","soyabean_oil","sunflower_oil","peru_temperature","peru_precipitation","peru_fish_production","fish_human_consumption","fish_industrial_consumption","gdp","fish_oil_export","transporation_FOB","fishoil_utilization_indicators"],"index":[1514764800000,1517443200000,1519862400000,1522540800000,1525132800000,1527811200000,1530403200000,1533081600000,1535760000000,1538352000000,1541030400000,1543622400000,1546300800000,1548979200000,1551398400000,1554076800000,1556668800000,1559347200000,1561939200000,1564617600000,1567296000000,1569888000000,1572566400000,1575158400000,1577836800000,1580515200000,1583020800000,1585699200000,1588291200000,1590969600000,1593561600000,1596240000000,1598918400000,1601510400000,1604188800000,1606780800000,1609459200000,1612137600000,1614556800000,1617235200000,1619827200000,1622505600000,1625097600000,1627776000000,1630454400000,1633046400000,1635724800000,1638316800000],"data":[[13.2121477341,-10.8819403897,12.796159541,-19.1723157051,-3.3262717005,-7.6958436835,0.0638288161,12.1370763111,-0.1134648018,-2.3758361935,-197.5255415191,-22.854357528,3.4117673394,6.7964819191,-5.3724428724],[-437.8683774526,-8.9002928815,17.6178817769,-74.5631696046,-10.90922904,-11.7837362967,-0.0999610524,-44.5834106312,-0.5210676149,-1.7525010097,-106.2458936324,-20.3473163506,1.6219860519,3.4600965877,-2.7316395329],[-491.5002401449,18.4975022073,-61.7050151283,14.387931408,-6.5093508673,48.4316089852,0.0939803208,-19.5208798404,-0.910011042,1.5730619976,-351.1279053638,-41.0359017702,-16.1691786984,-19.7679334113,-22.1024497841],[280.9468687649,13.580604609,32.077358923,5.8043559242,5.8854368002,-27.7411884407,0.3870731777,11.3450743377,-0.4924463962,2.2353863265,202.4344087895,20.3728171178,-4.7391249987,-0.9172090979,10.1265920573],[167.9596712173,3.8813837802,-32.3778803519,26.2899519445,8.4712411034,17.9686322857,-0.3138987901,-10.675786951,0.0633726265,-2.3658911487,-65.3087539499,-5.154853697,7.7071973724,8.5058436396,-0.5678901371],[-545.118779595,-7.5859816414,-4.6194516056,-16.500145915,-13.9501998992,-2.5236525138,-0.678666844,-18.1401306021,0.3467242471,1.1043247252,-534.7652447169,-66.9565467593,23.0204479613,32.5350979248,-32.1683297569],[162.213584804,-11.7152661927,6.5413604964,23.0966129243,11.0397708994,-20.5561708052,-0.59617731,-31.3329436115,0.4489875966,-2.6636741591,-225.5766618405,-28.6596720738,9.6325207937,14.4566912581,-15.2634413369],[427.1011818752,-14.4779812786,-37.8764407982,38.7597100033,15.0108158904,-34.9419135866,0.9012766008,3.7362142089,0.1127197348,0.475452833,-210.7988675051,-13.4363894971,-12.3535190338,-21.8641480468,-2.5384603259],[35.5461764332,-1.0684164617,1.9474946025,2.4547203226,3.756324581,5.5740516863,0.2251242448,15.2137611008,-0.2067325749,1.6611248279,701.0973453961,83.5681484512,-3.3074285226,-6.3090589624,34.8275633339],[80.028572723,0.7509086116,-23.9711292716,-39.5171883306,2.011097096,-15.1694543003,0.438167608,36.9236934769,-0.0541309638,2.9817473088,235.840152129,27.0169601701,-20.5644700799,-22.8289697976,7.4115434744],[-88.6894923279,-10.7177752305,19.8687797429,-28.6277367361,-24.3828608217,-2.7145983811,0.1116076029,21.225918139,-0.3184525465,2.1497772854,225.0861836459,25.1461697421,6.674029417,10.8747720412,9.5969346977],[97.8792867421,-13.3086207346,-5.0853035726,-7.2892051866,-17.8026239856,7.8662373734,-0.1897608973,5.8106736791,-0.1667170331,-2.7771151054,67.1060401238,11.7825593879,12.1189217899,12.7694506958,8.4138959655],[-728.2445508261,-9.7243612676,0.6569676811,-25.6629377009,-5.7023398416,-5.713886631,-0.040156473,-15.8260123172,0.0302190704,0.6857994123,-291.1079285168,-36.8003095783,7.1105769302,12.440724783,-18.7321209286],[-121.7149609057,5.90640081,38.3765521767,-49.7263072376,3.6893452836,18.8580745554,0.1599477936,17.0723822079,0.4041683557,2.7063107804,267.3439472579,27.7220414748,-12.2592809776,-14.1821845196,4.8703382832],[886.2525575033,18.7872602963,4.9126002546,13.0326352296,42.4467971311,39.7501192432,0.1415567698,20.7934004632,0.7227280187,1.2716516829,245.9769758738,27.6475086768,-24.6098970026,-34.928045464,18.025583753],[232.944402134,-9.3858895342,18.7247886511,0.2159684406,-14.0814274718,-26.2065180563,-0.1811824386,-14.4523650162,0.2293430954,0.6448211004,-267.6519119526,-30.4057730194,1.5732052095,-2.9632671313,-9.6066240023],[-82.4655535334,-1.8131688853,-0.1555431076,11.0215387893,-19.0841886978,-15.0257840711,-0.0296069639,5.3218658072,-0.6775431313,-2.2340789857,181.9684674409,25.124757276,11.367826054,15.5539721766,9.3065313882],[-275.5489029019,8.8167396616,-11.6179870416,19.9661890719,17.0367953142,33.519111093,-0.5967267455,-28.3291337251,0.1304662265,-4.8504062017,215.7317906256,21.1024432698,13.8305819739,9.7187573026,10.6752551083],[-353.1503428742,-14.5707770128,-6.9288845136,-13.7007098532,-2.7112069576,-20.5812918867,-0.4597900118,-14.4903735625,-0.0500963828,-1.1994617005,-778.4226174833,-96.059447402,11.5143073129,12.1001080316,-42.1428854718],[-109.4831822639,18.5833888514,-2.8923226433,59.8930662189,29.2025124399,36.6767449246,0.2463151722,-6.9957401989,0.4365638678,-0.0308449729,81.1553291326,12.2908418584,0.5156821502,-5.3560081755,3.0876643159],[347.1986539755,1.8522904324,21.6230044272,17.8202498892,10.0917842091,-20.6118934774,0.1794830257,26.0802065527,0.0572408358,-0.2773738438,380.8135364522,40.0495584736,-9.9609933196,-11.4519921906,18.3286917731],[150.6931306313,1.419288382,-41.7341319599,13.2598550147,-20.1457970322,-11.8039130901,0.3065866678,37.5681011652,-0.3123467134,3.0810865885,-4.3019033213,11.8148698961,-6.216594746,-5.419016353,3.4507354403],[-48.7754045627,-9.515051588,-1.7285813193,-22.0584629335,4.7936421734,-1.4271343008,0.1796081887,-8.4669851678,0.0512006606,-2.1229100815,464.6842121796,49.6312988021,-11.7508178234,-8.9138514195,20.9044622843],[-187.7903827263,8.2655051682,6.2818830314,-70.2700311338,2.0430819575,-22.1337529053,0.30357072,16.3948761187,-0.4552542882,2.2508267408,-122.6505442229,-11.7981537428,-1.4171475221,2.7794507328,-7.1510836406],[-139.383520338,13.1580533965,12.5925146076,48.0490340336,4.7779994861,41.5679724862,-0.1230287146,-10.8450317858,-0.094397351,0.1345593705,-61.7677588124,-5.0458042035,3.5815165533,11.0415405443,-3.6782841587],[280.3743363347,16.5695768432,33.0525694537,23.5376316018,4.5958077421,13.3632500713,0.2663307629,12.8016534626,0.0988991793,-1.4456238217,-46.5268767572,-6.5647378222,2.3326538696,5.9649878075,2.6824411536],[111.1196285375,-25.3485491945,-14.7144728289,-73.3342004915,-27.7168423142,-17.5269017311,-0.006574155,21.6375970022,0.3347097355,-2.7336304511,-108.8767321783,-12.2981267961,-5.3629622804,-13.4085424498,-2.1118728915],[25.8911088926,-18.4365731992,-3.698901914,10.6808924767,-7.5182887001,-43.8138608068,0.1443828163,-7.8143103331,-0.0180692204,3.255296136,90.4070655122,17.626179895,-2.1420454124,-5.4855811342,4.8141654362],[-198.3284848625,7.6078444647,5.050188837,110.4998861209,-25.5867281157,48.8248119623,-0.4714261251,-37.6757435056,0.2134790268,8.5222164569,572.7129409071,82.0024170467,-3.5964772975,-0.0327874654,25.7024354302],[-214.9213640388,28.2236836895,18.1030777285,17.0243976773,38.2605203143,6.6925700372,-0.3053733906,-36.4209938381,0.3983544487,-1.3614319693,881.102674963,87.4798746618,-2.0948710309,-3.9008306648,29.2635190729],[-348.0542490039,-0.1350425342,25.6498971064,59.1936541672,19.4297903944,13.1824047118,-0.4938390375,-30.6858107819,-0.5851621468,-7.2595159897,-688.3248462456,-86.3242363392,17.05867084,17.8144791697,-29.621782725],[-173.566361796,45.4963247891,-32.9091172248,99.8940728194,48.099449285,64.7089793998,0.3112168303,4.637966913,-0.3874864953,-1.1219446467,-848.0190413766,-96.4748984954,8.434175858,7.9938507104,-42.8800974306],[753.9828307764,4.4229575836,15.2574533907,1.4124696258,8.6069405892,-0.7446831894,0.4320511886,46.1744316657,0.247978876,0.8966638784,-88.5067175115,-16.0783281415,-5.8889408537,-9.7587161757,0.2298152843],